plate,n_wells,cells_per_well,cv_across_wells,batch,same_batch
1053599541,32,143.14767456054688,0.10081793367862701,20210621_Batch_3,False
1053599619,32,144.44625854492188,0.11391963809728622,20210621_Batch_3,False
1053599572,32,147.956298828125,0.07909239083528519,20210621_Batch_3,False
1053599626,32,148.70693969726562,0.08419772237539291,20210621_Batch_3,False
1053599589,32,149.40673828125,0.125358447432518,20210621_Batch_3,False
1053599558,32,149.41021728515625,0.13948218524456024,20210621_Batch_3,False
1053599534,32,149.42141723632812,0.09035103768110275,20210621_Batch_3,False
1053599596,32,149.81356811523438,0.09500616043806076,20210621_Batch_3,False
1053599695,32,149.8720703125,0.09430254250764847,20210621_Batch_3,False
1053599664,32,149.9678497314453,0.0880436822772026,20210621_Batch_3,False
1053599671,32,151.84625244140625,0.11086254566907883,20210621_Batch_3,False
1053599633,32,152.0124969482422,0.06874100118875504,20210621_Batch_3,False
1053599565,32,152.6119384765625,0.09799519926309586,20210621_Batch_3,False
1053599640,32,153.21495056152344,0.09683142602443695,20210621_Batch_3,False
1053599688,32,153.58004760742188,0.10350440442562103,20210621_Batch_3,False
1053599602,32,153.83375549316406,0.10389634966850281,20210621_Batch_3,False
1053599657,32,153.90078735351562,0.09049934893846512,20210621_Batch_3,False
1086293461,32,155.97740173339844,0.09764499217271805,20210726_Batch_7,False
1086290644,32,156.0289764404297,0.08408032357692719,20210830_Batch_11,False
1086293843,32,158.36285400390625,0.09093405306339264,20210719_Batch_6,False
1086293522,32,158.99081420898438,0.0815948024392128,20210726_Batch_7,False
1086293508,32,160.46768188476562,0.08885699510574341,20210726_Batch_7,False
1086292839,32,160.70330810546875,0.08190575242042542,20210808_Batch_4,False
1086293430,32,161.17355346679688,0.1081465408205986,20210726_Batch_7,False
1086293812,32,161.64987182617188,0.09566465020179749,20210719_Batch_6,False
1086290521,32,162.25823974609375,0.09146293252706528,20210830_Batch_11,False
1086293553,32,162.929443359375,0.11145206540822983,20210726_Batch_7,False
1086293393,32,163.02767944335938,0.0948808491230011,20210726_Batch_7,False
1086293454,32,163.56851196289062,0.09567348659038544,20210726_Batch_7,False
1086293423,32,163.6121368408203,0.09722980856895447,20210726_Batch_7,False
1086293485,32,164.3692626953125,0.08696506917476654,20210726_Batch_7,False
1086293409,32,164.605712890625,0.09037309885025024,20210726_Batch_7,False
1086293515,32,164.90704345703125,0.08526690304279327,20210726_Batch_7,False
1086293850,32,164.91078186035156,0.0791163295507431,20210719_Batch_6,False
1086292969,32,164.9132843017578,0.08266882598400116,20210808_Batch_4,False
1086292907,32,164.9735107421875,0.08867082744836807,20210808_Batch_4,False
1086292938,32,165.36746215820312,0.07593494653701782,20210808_Batch_4,False
1086293447,32,165.678466796875,0.058444954454898834,20210726_Batch_7,False
1086293546,32,165.7316436767578,0.06944882124662399,20210726_Batch_7,False
1086293560,32,166.2306671142578,0.05603570491075516,20210726_Batch_7,False
1086292921,32,166.23739624023438,0.09903016686439514,20210808_Batch_4,False
1086292945,32,166.2530059814453,0.08989626914262772,20210808_Batch_4,False
1086293829,32,166.25491333007812,0.08427923917770386,20210719_Batch_6,False
1086292976,32,166.545166015625,0.1007787212729454,20210808_Batch_4,False
1086290484,32,167.1023406982422,0.08205772936344147,20210830_Batch_11,False
1086290323,32,167.6888427734375,0.10943705588579178,20210920_Batch_12,False
1086290477,384,167.751220703125,0.09924629330635071,20210830_Batch_11,False
1086293973,32,168.52700805664062,0.06812769919633865,20210719_Batch_6,False
1086293416,32,168.64671325683594,0.08444061130285263,20210726_Batch_7,False
1086293478,32,168.829833984375,0.09131509810686111,20210726_Batch_7,False
1086293836,32,168.90737915039062,0.10240525007247925,20210719_Batch_6,False
1086292730,384,169.2340545654297,0.09205944091081619,20210808_Batch_4,False
1086292792,32,169.2672576904297,0.07834060490131378,20210808_Batch_4,False
1086293386,384,169.50523376464844,0.09285802394151688,20210726_Batch_7,False
1086293898,32,169.5849151611328,0.09672851860523224,20210719_Batch_6,False
1086292846,32,169.89797973632812,0.08266180753707886,20210808_Batch_4,False
1086292891,32,170.56617736816406,0.06867676228284836,20210808_Batch_4,False
1086292853,32,170.73529052734375,0.09657502174377441,20210808_Batch_4,False
1086293942,32,171.29342651367188,0.06480228155851364,20210719_Batch_6,False
1086292914,32,171.36508178710938,0.07960691303014755,20210808_Batch_4,False
1086293539,32,171.910400390625,0.07164262980222702,20210726_Batch_7,False
1086290668,32,171.95651245117188,0.08069588243961334,20210830_Batch_11,False
1086294000,32,172.040283203125,0.08072372525930405,20210719_Batch_6,False
1086293867,32,172.577392578125,0.07095164805650711,20210719_Batch_6,False
1086292778,32,172.73553466796875,0.07657357305288315,20210808_Batch_4,False
1086292952,32,173.0913543701172,0.09454324841499329,20210808_Batch_4,False
1053597998,32,173.58987426757812,0.09314489364624023,20210712_Batch_5,False
1086292747,32,173.928955078125,0.11469466239213943,20210808_Batch_4,False
1086293881,32,174.1062469482422,0.076383575797081,20210719_Batch_6,False
1086293874,32,174.42523193359375,0.08198340237140656,20210719_Batch_6,False
1086294017,32,174.63394165039062,0.08069551736116409,20210719_Batch_6,False
1053601879,32,174.79428100585938,0.09936612099409103,20210607_Batch_2,False
1086290330,32,175.13217163085938,0.07407345622777939,20210920_Batch_12,False
1053597950,32,175.17039489746094,0.07404005527496338,20210712_Batch_5,False
1053597929,32,175.51608276367188,0.07570365816354752,20210712_Batch_5,False
1086290347,32,175.6184844970703,0.07212461531162262,20210920_Batch_12,False
1053598001,32,175.6995849609375,0.077932208776474,20210712_Batch_5,False
1086293959,32,175.7124481201172,0.08033031225204468,20210719_Batch_6,False
1086292860,32,175.71315002441406,0.07075247913599014,20210808_Batch_4,False
1086289662,32,175.87452697753906,0.08368448168039322,20211003_Batch_13,False
1053597974,32,176.03167724609375,0.06472451984882355,20210712_Batch_5,False
1086289679,32,176.17691040039062,0.07023642212152481,20211003_Batch_13,False
1086293096,32,176.39321899414062,0.09772676229476929,20210802_Batch_8,False
1086292761,32,176.4427947998047,0.06375550478696823,20210808_Batch_4,False
1086292822,32,176.51287841796875,0.0714959055185318,20210808_Batch_4,False
1053597943,32,176.68150329589844,0.07419073581695557,20210712_Batch_5,False
1086289761,32,176.78250122070312,0.10433562844991684,20211003_Batch_13,False
1053597981,32,176.9937744140625,0.07512038201093674,20210712_Batch_5,False
1086292754,32,177.1236114501953,0.08706852048635483,20210808_Batch_4,False
1086293980,32,177.58755493164062,0.07103922218084335,20210719_Batch_6,False
1086292518,384,177.5915069580078,0.09678369015455246,20210816_Batch_9,False
1086290453,384,178.65293884277344,0.09454475343227386,20210920_Batch_12,False
1086289747,32,178.7359619140625,0.0947083905339241,20211003_Batch_13,False
1086293966,32,178.94317626953125,0.05889567360281944,20210719_Batch_6,False
1086289655,384,178.98426818847656,0.0899386927485466,20211003_Batch_13,False
1086293904,32,179.74366760253906,0.10062316060066223,20210719_Batch_6,False
1053597967,32,180.19908142089844,0.09170099347829819,20210712_Batch_5,False
1053601923,32,180.82171630859375,0.08646911382675171,20210607_Batch_2,False
1053600827,32,181.28118896484375,0.057041190564632416,20210614_Batch_1,True
1086289709,32,181.31838989257812,0.09269645065069199,20211003_Batch_13,False
1086294024,384,181.4395294189453,0.07772547751665115,20210719_Batch_6,False
1053597844,32,181.91766357421875,0.09388498216867447,20210712_Batch_5,False
1053600797,32,182.198974609375,0.08077137917280197,20210614_Batch_1,True
1053600858,32,182.46910095214844,0.08245238661766052,20210614_Batch_1,True
1086293935,32,182.54714965820312,0.06645738333463669,20210719_Batch_6,False
1086289648,32,182.69287109375,0.11366007477045059,20211003_Batch_13,False
1086289730,32,182.75814819335938,0.11434059590101242,20211003_Batch_13,False
1053597851,32,183.1134033203125,0.10079003870487213,20210712_Batch_5,False
1053600810,32,183.25225830078125,0.16256161034107208,20210614_Batch_1,True
1086289693,32,183.49105834960938,0.10636714100837708,20211003_Batch_13,False
1086292402,32,183.57980346679688,0.10299038141965866,20210816_Batch_9,False
1086293997,32,183.580322265625,0.07812272757291794,20210719_Batch_6,False
1086292372,32,183.75436401367188,0.0717180147767067,20210816_Batch_9,False
1053600872,32,183.8531494140625,0.08813775330781937,20210614_Batch_1,True
1086292471,32,183.93389892578125,0.085329070687294,20210816_Batch_9,False
1086289785,32,184.05091857910156,0.09893011301755905,20211003_Batch_13,False
1053601862,32,184.08908081054688,0.061573948711156845,20210607_Batch_2,False
1086292082,32,184.10067749023438,0.11844395846128464,20210823_Batch_10,False
1086289792,32,184.13583374023438,0.07925473153591156,20211003_Batch_13,False
1053600841,32,184.1597442626953,0.07828131318092346,20210614_Batch_1,True
1053601855,32,184.26019287109375,0.08641670644283295,20210607_Batch_2,False
1086290361,32,184.26254272460938,0.09226413071155548,20210920_Batch_12,False
1086292488,32,184.291015625,0.09160741418600082,20210816_Batch_9,False
1053601909,32,184.44752502441406,0.06440063565969467,20210607_Batch_2,False
1053600865,32,184.4906005859375,0.08169005811214447,20210614_Batch_1,True
1053600728,32,184.55079650878906,0.08717381954193115,20210614_Batch_1,True
1086292297,32,184.5968017578125,0.1025865226984024,20210816_Batch_9,False
1053600803,32,184.87301635742188,0.06113652139902115,20210614_Batch_1,True
1053600889,32,184.88075256347656,0.0781693160533905,20210614_Batch_1,True
1053597837,32,184.94761657714844,0.10435935854911804,20210712_Batch_5,False
1053600681,384,184.9617462158203,0.10964307188987732,20210614_Batch_1,True
1086289716,32,184.9900665283203,0.09276897460222244,20211003_Batch_13,False
1053600766,32,185.15675354003906,0.0948224887251854,20210614_Batch_1,True
1053600742,32,185.20462036132812,0.07028105109930038,20210614_Batch_1,True
1053601831,32,185.44705200195312,0.07970833033323288,20210607_Batch_2,False
1086289754,32,185.5149383544922,0.07889790832996368,20211003_Batch_13,False
1086292259,384,185.8389129638672,0.08769779652357101,20210816_Batch_9,False
1086292365,32,185.85647583007812,0.08745217323303223,20210816_Batch_9,False
1086292327,32,185.87301635742188,0.09250125288963318,20210816_Batch_9,False
1086292396,32,185.88809204101562,0.07785619050264359,20210816_Batch_9,False
1086292495,32,185.94894409179688,0.108229860663414,20210816_Batch_9,False
1086290354,32,186.25616455078125,0.09839961677789688,20210920_Batch_12,False
1086292464,32,186.6005401611328,0.08673597127199173,20210816_Batch_9,False
1053600834,32,186.88143920898438,0.0807265117764473,20210614_Batch_1,True
1086292723,32,186.88665771484375,0.0909239798784256,20210808_Batch_4,False
1053601947,32,187.17893981933594,0.06179698184132576,20210607_Batch_2,False
1086289778,32,187.2642822265625,0.08825435489416122,20211003_Batch_13,False
1053597875,32,188.1027374267578,0.08217551559209824,20210712_Batch_5,False
1086293034,32,188.30264282226562,0.09189331531524658,20210802_Batch_8,False
1086292426,32,188.71644592285156,0.07179930061101913,20210816_Batch_9,False
1086292433,32,188.93309020996094,0.09765546023845673,20210816_Batch_9,False
1086292303,32,189.1507568359375,0.06810037046670914,20210816_Batch_9,False
1086292501,32,189.49581909179688,0.07009489089250565,20210816_Batch_9,False
1086292440,32,189.50387573242188,0.0885850042104721,20210816_Batch_9,False
1053597882,32,189.5124053955078,0.10152386873960495,20210712_Batch_5,False
1053601756,32,189.67929077148438,0.09828592836856842,20210607_Batch_2,False
1086291955,32,189.79876708984375,0.10823304951190948,20210823_Batch_10,False
1086292280,32,189.8491668701172,0.07416973263025284,20210816_Batch_9,False
1086292457,32,189.9840545654297,0.08677993714809418,20210816_Batch_9,False
1086293089,32,190.2335968017578,0.09153736382722855,20210802_Batch_8,False
1086293102,32,190.66928100585938,0.09601246565580368,20210802_Batch_8,False
1086293065,32,190.68043518066406,0.09055979549884796,20210802_Batch_8,False
1086293188,32,190.9857940673828,0.07069620490074158,20210802_Batch_8,False
1086292341,32,191.1703643798828,0.07128416001796722,20210816_Batch_9,False
1086292051,32,191.28317260742188,0.10455774515867233,20210823_Batch_10,False
1086292358,32,191.30203247070312,0.09986229240894318,20210816_Batch_9,False
1086293072,32,191.35012817382812,0.09140884876251221,20210802_Batch_8,False
1086292273,32,191.51394653320312,0.07664594054222107,20210816_Batch_9,False
1053600896,32,191.59677124023438,0.2634856104850769,20210614_Batch_1,True
1053600711,32,191.59716796875,0.06228238716721535,20210614_Batch_1,True
1086292310,32,191.7135772705078,0.09295445680618286,20210816_Batch_9,False
1086292419,32,191.76206970214844,0.09253332763910294,20210816_Batch_9,False
1053601824,32,192.12542724609375,0.08228040486574173,20210607_Batch_2,False
1053601848,32,192.1934814453125,0.07723363488912582,20210607_Batch_2,False
1053601770,32,192.81536865234375,0.10358090698719025,20210607_Batch_2,False
1053600735,32,192.81915283203125,0.08925309777259827,20210614_Batch_1,True
1053601817,32,193.01693725585938,0.0721992775797844,20210607_Batch_2,False
1053600704,32,193.15234375,0.1275239735841751,20210614_Batch_1,True
1086293195,32,193.4217987060547,0.0783688873052597,20210802_Batch_8,False
1053600780,32,193.46890258789062,0.18603397905826569,20210614_Batch_1,True
1086293218,32,194.56951904296875,0.10413428395986557,20210802_Batch_8,False
1086293171,32,194.62442016601562,0.08149852603673935,20210802_Batch_8,False
1053600759,32,194.8046875,0.09701498597860336,20210614_Batch_1,True
1086293126,32,194.9002685546875,0.0826883390545845,20210802_Batch_8,False
1053601787,32,194.92750549316406,0.06399083137512207,20210607_Batch_2,False
1086292075,32,195.29910278320312,0.09281659126281738,20210823_Batch_10,False
1053601800,32,195.39120483398438,0.07587376236915588,20210607_Batch_2,False
1086293157,32,195.68983459472656,0.09692259132862091,20210802_Batch_8,False
1086293201,32,195.80450439453125,0.08038605004549026,20210802_Batch_8,False
1053601794,32,195.9451904296875,0.07541508227586746,20210607_Batch_2,False
1086291917,32,196.30865478515625,0.08546227216720581,20210823_Batch_10,False
1086292266,32,196.73153686523438,0.07488218694925308,20210816_Batch_9,False
1086292068,32,196.90240478515625,0.08977190405130386,20210823_Batch_10,False
1086293164,32,196.92800903320312,0.0869065523147583,20210802_Batch_8,False
1086291948,32,197.00070190429688,0.0797782763838768,20210823_Batch_10,False
1086292136,32,197.19668579101562,0.08794970065355301,20210823_Batch_10,False
1053601763,32,197.44027709960938,0.08476680517196655,20210607_Batch_2,False
1053597806,32,197.8107452392578,0.11703265458345413,20210712_Batch_5,False
1086292099,32,197.84561157226562,0.09617296606302261,20210823_Batch_10,False
1086292006,32,198.16989135742188,0.08419150114059448,20210823_Batch_10,False
1053600773,32,198.37646484375,0.30585500597953796,20210614_Batch_1,True
1086292105,31,198.4895477294922,0.08764610439538956,20210823_Batch_10,False
1086292167,384,199.3538055419922,0.10020499676465988,20210823_Batch_10,False
1086293225,32,199.49618530273438,0.1007848009467125,20210802_Batch_8,False
1086293119,32,199.99838256835938,0.10325209051370621,20210802_Batch_8,False
1086292143,31,200.4986572265625,0.17044489085674286,20210823_Batch_10,False
1086293232,32,201.00819396972656,0.08808744698762894,20210802_Batch_8,False
1086292129,32,201.28802490234375,0.09611977636814117,20210823_Batch_10,False
1086292020,32,201.33245849609375,0.08838328719139099,20210823_Batch_10,False
1086291979,32,201.38363647460938,0.10105303674936295,20210823_Batch_10,False
1086292044,32,202.10177612304688,0.09789101034402847,20210823_Batch_10,False
1086291924,32,203.4328155517578,0.0815824642777443,20210823_Batch_10,False
1086291931,32,203.73744201660156,0.07373551279306412,20210823_Batch_10,False
1086291962,32,204.59869384765625,0.0814877301454544,20210823_Batch_10,False
1086293027,383,204.75848388671875,0.07763998210430145,20210802_Batch_8,False
1086292150,32,205.10794067382812,0.09430884569883347,20210823_Batch_10,False
1086291986,32,205.303955078125,0.11170727759599686,20210823_Batch_10,False
1086292013,32,205.85858154296875,0.10010398924350739,20210823_Batch_10,False
1086292112,32,207.41421508789062,0.09584085643291473,20210823_Batch_10,False
