Metadata_Source,Metadata_Batch,Metadata_Plate,Metadata_Well,fold,predicted,p_source_1,p_source_10,p_source_11,p_source_15,p_source_2,p_source_3,p_source_5,p_source_6,p_source_7,p_source_8,p_source_9
source_2,20210614_Batch_1,1053600681,A01,4,source_2,0.0,0.0,0.0,0.0,1.0,0.0,0.0,0.0,0.0,0.0,0.0
source_2,20210614_Batch_1,1053600681,A02,4,source_2,0.0,0.0,0.0,0.0,1.0,0.0,0.0,0.0,0.0,0.0,0.0
source_2,20210614_Batch_1,1053600681,A03,4,source_2,0.0,0.0,0.0,0.0,1.0,0.0,0.0,0.0,0.0,0.0,0.0
source_2,20210614_Batch_1,1053600681,A04,4,source_2,0.0,0.0,0.0,0.0,1.0,0.0,0.0,0.0,0.0,0.0,0.0
source_2,20210614_Batch_1,1053600681,A05,4,source_2,0.0,0.0,0.0,0.0,1.0,0.0,0.0,0.0,0.0,0.0,0.0
source_2,20210614_Batch_1,1053600681,A06,4,source_2,0.0,0.0,0.0,0.0,1.0,0.0,0.0,0.0,0.0,0.0,0.0
source_2,20210614_Batch_1,1053600681,A07,4,source_2,0.0,0.0,0.0,0.0,1.0,0.0,0.0,0.0,0.0,0.0,0.0
source_2,20210614_Batch_1,1053600681,A08,4,source_2,0.0,0.0,0.0,0.0,1.0,0.0,0.0,0.0,0.0,0.0,0.0
source_2,20210614_Batch_1,1053600681,A09,4,source_2,0.0,0.0,0.0,0.0,1.0,0.0,0.0,0.0,0.0,0.0,0.0
source_2,20210614_Batch_1,1053600681,A10,4,source_2,0.0,0.0,0.0,0.0,1.0,0.0,0.0,0.0,0.0,0.0,0.0
source_2,20210614_Batch_1,1053600681,A11,4,source_2,0.0,0.0,0.0,0.0,1.0,0.0,0.0,0.0,0.0,0.0,0.0
source_2,20210614_Batch_1,1053600681,A12,4,source_2,0.0,0.0,0.0,0.0,1.0,0.0,0.0,0.0,0.0,0.0,0.0
source_2,20210614_Batch_1,1053600681,A13,4,source_2,0.0,0.0,0.0,0.0,1.0,0.0,0.0,0.0,0.0,0.0,0.0
source_2,20210614_Batch_1,1053600681,A14,4,source_2,0.0,0.0,0.0,0.0,1.0,0.0,0.0,0.0,0.0,0.0,0.0
source_2,20210614_Batch_1,1053600681,A15,4,source_2,0.0,0.0,0.0,0.0,1.0,0.0,0.0,0.0,0.0,0.0,0.0
source_2,20210614_Batch_1,1053600681,A16,4,source_2,0.0,0.0,0.0,0.0,1.0,0.0,0.0,0.0,0.0,0.0,0.0
source_2,20210614_Batch_1,1053600681,A17,4,source_2,0.0,0.0,0.0,0.0,1.0,0.0,0.0,0.0,0.0,0.0,0.0
source_2,20210614_Batch_1,1053600681,A18,4,source_2,0.0,0.0,0.0,0.0,1.0,0.0,0.0,0.0,0.0,0.0,0.0
source_2,20210614_Batch_1,1053600681,A19,4,source_2,0.0,0.0,0.0,0.0,1.0,0.0,0.0,0.0,0.0,0.0,0.0
source_2,20210614_Batch_1,1053600681,A20,4,source_2,0.0,0.0,0.0,0.0,1.0,0.0,0.0,0.0,0.0,0.0,0.0
source_2,20210614_Batch_1,1053600681,A21,4,source_2,0.0,0.0,0.0,0.0,1.0,0.0,0.0,0.0,0.0,0.0,0.0
source_2,20210614_Batch_1,1053600681,A22,4,source_2,0.0,0.0,0.0,0.0,1.0,0.0,0.0,0.0,0.0,0.0,0.0
source_2,20210614_Batch_1,1053600681,A23,4,source_2,0.0,0.0,0.0,0.0,1.0,0.0,0.0,0.0,0.0,0.0,0.0
source_2,20210614_Batch_1,1053600681,A24,4,source_2,0.0,0.0,0.0,0.0,1.0,0.0,0.0,0.0,0.0,0.0,0.0
source_2,20210614_Batch_1,1053600681,B01,4,source_2,0.0,0.0,0.0,0.0,1.0,0.0,0.0,0.0,0.0,0.0,0.0
source_2,20210614_Batch_1,1053600681,B02,4,source_2,0.0,0.0,0.0,0.0,1.0,0.0,0.0,0.0,0.0,0.0,0.0
source_2,20210614_Batch_1,1053600681,B03,4,source_2,0.0,0.0,0.0,0.0,1.0,0.0,0.0,0.0,0.0,0.0,0.0
source_2,20210614_Batch_1,1053600681,B04,4,source_2,0.0,0.0,0.0,0.0,1.0,0.0,0.0,0.0,0.0,0.0,0.0
source_2,20210614_Batch_1,1053600681,B05,4,source_2,0.0,0.0,0.0,0.0,1.0,0.0,0.0,0.0,0.0,0.0,0.0
source_2,20210614_Batch_1,1053600681,B06,4,source_2,0.0,0.0,0.0,0.0,1.0,0.0,0.0,0.0,0.0,0.0,0.0
source_2,20210614_Batch_1,1053600681,B07,4,source_2,0.0,0.0,0.0,0.0,1.0,0.0,0.0,0.0,0.0,0.0,0.0
source_2,20210614_Batch_1,1053600681,B08,4,source_2,0.0,0.0,0.0,0.0,1.0,0.0,0.0,0.0,0.0,0.0,0.0
source_2,20210614_Batch_1,1053600681,B09,4,source_2,0.0,0.0,0.0,0.0,1.0,0.0,0.0,0.0,0.0,0.0,0.0
source_2,20210614_Batch_1,1053600681,B10,4,source_2,0.0,0.0,0.0,0.0,1.0,0.0,0.0,0.0,0.0,0.0,0.0
source_2,20210614_Batch_1,1053600681,B11,4,source_2,0.0,0.0,0.0,0.0,1.0,0.0,0.0,0.0,0.0,0.0,0.0
source_2,20210614_Batch_1,1053600681,B12,4,source_2,0.0,0.0,0.0,0.0,1.0,0.0,0.0,0.0,0.0,0.0,0.0
source_2,20210614_Batch_1,1053600681,B13,4,source_2,0.0,0.0,0.0,0.0,1.0,0.0,0.0,0.0,0.0,0.0,0.0
source_2,20210614_Batch_1,1053600681,B14,4,source_2,0.0,0.0,0.0,0.0,1.0,0.0,0.0,0.0,0.0,0.0,0.0
source_2,20210614_Batch_1,1053600681,B15,4,source_2,0.0,0.0,0.0,0.0,1.0,0.0,0.0,0.0,0.0,0.0,0.0
source_2,20210614_Batch_1,1053600681,B16,4,source_2,0.0,0.0,0.0,0.0,1.0,0.0,0.0,0.0,0.0,0.0,0.0
source_2,20210614_Batch_1,1053600681,B17,4,source_2,0.0,0.0,0.0,0.0,1.0,0.0,0.0,0.0,0.0,0.0,0.0
source_2,20210614_Batch_1,1053600681,B18,4,source_2,0.0,0.0,0.0,0.0,1.0,0.0,0.0,0.0,0.0,0.0,0.0
source_2,20210614_Batch_1,1053600681,B19,4,source_2,0.0,0.0,0.0,0.0,1.0,0.0,0.0,0.0,0.0,0.0,0.0
source_2,20210614_Batch_1,1053600681,B20,4,source_2,0.0,0.0,0.0,0.0,1.0,0.0,0.0,0.0,0.0,0.0,0.0
source_2,20210614_Batch_1,1053600681,B21,4,source_2,0.0,0.0,0.0,0.0,1.0,0.0,0.0,0.0,0.0,0.0,0.0
source_2,20210614_Batch_1,1053600681,B22,4,source_2,0.0,0.0,0.0,0.0,1.0,0.0,0.0,0.0,0.0,0.0,0.0
source_2,20210614_Batch_1,1053600681,B23,4,source_2,0.0,0.0,0.0,0.0,1.0,0.0,0.0,0.0,0.0,0.0,0.0
source_2,20210614_Batch_1,1053600681,B24,4,source_2,0.0,0.0,0.0,0.0,1.0,0.0,0.0,0.0,0.0,0.0,0.0
source_2,20210614_Batch_1,1053600681,C01,4,source_2,0.0,0.0,0.0,0.0,1.0,0.0,0.0,0.0,0.0,0.0,0.0
source_2,20210614_Batch_1,1053600681,C02,4,source_2,0.0,0.0,0.0,0.0,1.0,0.0,0.0,0.0,0.0,0.0,0.0
source_2,20210614_Batch_1,1053600681,C03,4,source_2,0.0,0.0,0.0,0.0,1.0,0.0,0.0,0.0,0.0,0.0,0.0
source_2,20210614_Batch_1,1053600681,C04,4,source_2,0.0,0.0,0.0,0.0,1.0,0.0,0.0,0.0,0.0,0.0,0.0
source_2,20210614_Batch_1,1053600681,C05,4,source_2,0.0,0.0,0.0,0.0,1.0,0.0,0.0,0.0,0.0,0.0,0.0
source_2,20210614_Batch_1,1053600681,C06,4,source_2,0.0,0.0,0.0,0.0,1.0,0.0,0.0,0.0,0.0,0.0,0.0
source_2,20210614_Batch_1,1053600681,C07,4,source_2,0.0,0.0,0.0,0.0,1.0,0.0,0.0,0.0,0.0,0.0,0.0
source_2,20210614_Batch_1,1053600681,C08,4,source_2,0.0,0.0,0.0,0.0,1.0,0.0,0.0,0.0,0.0,0.0,0.0
source_2,20210614_Batch_1,1053600681,C09,4,source_2,0.0,0.0,0.0,0.0,1.0,0.0,0.0,0.0,0.0,0.0,0.0
source_2,20210614_Batch_1,1053600681,C10,4,source_2,0.0,0.0,0.0,0.0,1.0,0.0,0.0,0.0,0.0,0.0,0.0
source_2,20210614_Batch_1,1053600681,C11,4,source_2,0.0,0.0,0.0,0.0,1.0,0.0,0.0,0.0,0.0,0.0,0.0
source_2,20210614_Batch_1,1053600681,C12,4,source_2,0.0,0.0,0.0,0.0,1.0,0.0,0.0,0.0,0.0,0.0,0.0
source_2,20210614_Batch_1,1053600681,C13,4,source_2,0.0,0.0,0.0,0.0,1.0,0.0,0.0,0.0,0.0,0.0,0.0
source_2,20210614_Batch_1,1053600681,C14,4,source_2,0.0,0.0,0.0,0.0,1.0,0.0,0.0,0.0,0.0,0.0,0.0
source_2,20210614_Batch_1,1053600681,C15,4,source_2,0.0,0.0,0.0,0.0,1.0,0.0,0.0,0.0,0.0,0.0,0.0
source_2,20210614_Batch_1,1053600681,C16,4,source_2,0.0,0.0,0.0,0.0,1.0,0.0,0.0,0.0,0.0,0.0,0.0
source_2,20210614_Batch_1,1053600681,C17,4,source_2,0.0,0.0,0.0,0.0,1.0,0.0,0.0,0.0,0.0,0.0,0.0
source_2,20210614_Batch_1,1053600681,C18,4,source_2,0.0,0.0,0.0,0.0,1.0,0.0,0.0,0.0,0.0,0.0,0.0
source_2,20210614_Batch_1,1053600681,C19,4,source_2,0.0,0.0,0.0,0.0,1.0,0.0,0.0,0.0,0.0,0.0,0.0
source_2,20210614_Batch_1,1053600681,C20,4,source_2,0.0,0.0,0.0,0.0,1.0,0.0,0.0,0.0,0.0,0.0,0.0
source_2,20210614_Batch_1,1053600681,C21,4,source_2,0.0,0.0,0.0,0.0,1.0,0.0,0.0,0.0,0.0,0.0,0.0
source_2,20210614_Batch_1,1053600681,C22,4,source_2,0.0,0.0,0.0,0.0,1.0,0.0,0.0,0.0,0.0,0.0,0.0
source_2,20210614_Batch_1,1053600681,C23,4,source_2,0.0,0.0,0.0,0.0,1.0,0.0,0.0,0.0,0.0,0.0,0.0
source_2,20210614_Batch_1,1053600681,C24,4,source_2,0.0,0.0,0.0,0.0,1.0,0.0,0.0,0.0,0.0,0.0,0.0
source_2,20210614_Batch_1,1053600681,D01,4,source_2,0.0,0.0,0.0,0.0,1.0,0.0,0.0,0.0,0.0,0.0,0.0
source_2,20210614_Batch_1,1053600681,D02,4,source_2,0.0,0.0,0.0,0.0,1.0,0.0,0.0,0.0,0.0,0.0,0.0
source_2,20210614_Batch_1,1053600681,D03,4,source_2,0.0,0.0,0.0,0.0,1.0,0.0,0.0,0.0,0.0,0.0,0.0
source_2,20210614_Batch_1,1053600681,D04,4,source_2,0.0,0.0,0.0,0.0,1.0,0.0,0.0,0.0,0.0,0.0,0.0
source_2,20210614_Batch_1,1053600681,D05,4,source_2,0.0,0.0,0.0,0.0,1.0,0.0,0.0,0.0,0.0,0.0,0.0
source_2,20210614_Batch_1,1053600681,D06,4,source_2,0.0,0.0,0.0,0.0,1.0,0.0,0.0,0.0,0.0,0.0,0.0
source_2,20210614_Batch_1,1053600681,D07,4,source_2,0.0,0.0,0.0,0.0,1.0,0.0,0.0,0.0,0.0,0.0,0.0
source_2,20210614_Batch_1,1053600681,D08,4,source_2,0.0,0.0,0.0,0.0,1.0,0.0,0.0,0.0,0.0,0.0,0.0
source_2,20210614_Batch_1,1053600681,D09,4,source_2,0.0,0.0,0.0,0.0,1.0,0.0,0.0,0.0,0.0,0.0,0.0
source_2,20210614_Batch_1,1053600681,D10,4,source_2,0.0,0.0,0.0,0.0,1.0,0.0,0.0,0.0,0.0,0.0,0.0
source_2,20210614_Batch_1,1053600681,D11,4,source_2,0.0,0.0,0.0,0.0,1.0,0.0,0.0,0.0,0.0,0.0,0.0
source_2,20210614_Batch_1,1053600681,D12,4,source_2,0.0,0.0,0.0,0.0,1.0,0.0,0.0,0.0,0.0,0.0,0.0
source_2,20210614_Batch_1,1053600681,D13,4,source_2,0.0,0.0,0.0,0.0,1.0,0.0,0.0,0.0,0.0,0.0,0.0
source_2,20210614_Batch_1,1053600681,D14,4,source_2,0.0,0.0,0.0,0.0,1.0,0.0,0.0,0.0,0.0,0.0,0.0
source_2,20210614_Batch_1,1053600681,D15,4,source_2,0.0,0.0,0.0,0.0,1.0,0.0,0.0,0.0,0.0,0.0,0.0
source_2,20210614_Batch_1,1053600681,D16,4,source_2,0.0,0.0,0.0,0.0,1.0,0.0,0.0,0.0,0.0,0.0,0.0
source_2,20210614_Batch_1,1053600681,D17,4,source_2,0.0,0.0,0.0,0.0,1.0,0.0,0.0,0.0,0.0,0.0,0.0
source_2,20210614_Batch_1,1053600681,D18,4,source_2,0.0,0.0,0.0,0.0,1.0,0.0,0.0,0.0,0.0,0.0,0.0
source_2,20210614_Batch_1,1053600681,D19,4,source_2,0.0,0.0,0.0,0.0,1.0,0.0,0.0,0.0,0.0,0.0,0.0
source_2,20210614_Batch_1,1053600681,D20,4,source_2,0.0,0.0,0.0,0.0,1.0,0.0,0.0,0.0,0.0,0.0,0.0
source_2,20210614_Batch_1,1053600681,D21,4,source_2,0.0,0.0,0.0,0.0,1.0,0.0,0.0,0.0,0.0,0.0,0.0
source_2,20210614_Batch_1,1053600681,D22,4,source_2,0.0,0.0,0.0,0.0,1.0,0.0,0.0,0.0,0.0,0.0,0.0
source_2,20210614_Batch_1,1053600681,D23,4,source_2,0.0,0.0,0.0,0.0,1.0,0.0,0.0,0.0,0.0,0.0,0.0
source_2,20210614_Batch_1,1053600681,D24,4,source_2,0.0,0.0,0.0,0.0,1.0,0.0,0.0,0.0,0.0,0.0,0.0
source_2,20210614_Batch_1,1053600681,E01,4,source_2,0.0,0.0,0.0,0.0,1.0,0.0,0.0,0.0,0.0,0.0,0.0
source_2,20210614_Batch_1,1053600681,E02,4,source_2,0.0,0.0,0.0,0.0,1.0,0.0,0.0,0.0,0.0,0.0,0.0
source_2,20210614_Batch_1,1053600681,E03,4,source_2,0.0,0.0,0.0,0.0,1.0,0.0,0.0,0.0,0.0,0.0,0.0
source_2,20210614_Batch_1,1053600681,E04,4,source_2,0.0,0.0,0.0,0.0,1.0,0.0,0.0,0.0,0.0,0.0,0.0
source_2,20210614_Batch_1,1053600681,E05,4,source_2,0.0,0.0,0.0,0.0,1.0,0.0,0.0,0.0,0.0,0.0,0.0
source_2,20210614_Batch_1,1053600681,E06,4,source_2,0.0,0.0,0.0,0.0,1.0,0.0,0.0,0.0,0.0,0.0,0.0
source_2,20210614_Batch_1,1053600681,E07,4,source_2,0.0,0.0,0.0,0.0,1.0,0.0,0.0,0.0,0.0,0.0,0.0
source_2,20210614_Batch_1,1053600681,E08,4,source_2,0.0,0.0,0.0,0.0,1.0,0.0,0.0,0.0,0.0,0.0,0.0
source_2,20210614_Batch_1,1053600681,E09,4,source_2,0.0,0.0,0.0,0.0,1.0,0.0,0.0,0.0,0.0,0.0,0.0
source_2,20210614_Batch_1,1053600681,E10,4,source_2,0.0,0.0,0.0,0.0,1.0,0.0,0.0,0.0,0.0,0.0,0.0
source_2,20210614_Batch_1,1053600681,E11,4,source_2,0.0,0.0,0.0,0.0,1.0,0.0,0.0,0.0,0.0,0.0,0.0
source_2,20210614_Batch_1,1053600681,E12,4,source_2,0.0,0.0,0.0,0.0,1.0,0.0,0.0,0.0,0.0,0.0,0.0
source_2,20210614_Batch_1,1053600681,E13,4,source_2,0.0,0.0,0.0,0.0,1.0,0.0,0.0,0.0,0.0,0.0,0.0
source_2,20210614_Batch_1,1053600681,E14,4,source_2,0.0,0.0,0.0,0.0,1.0,0.0,0.0,0.0,0.0,0.0,0.0
source_2,20210614_Batch_1,1053600681,E15,4,source_2,0.0,0.0,0.0,0.0,1.0,0.0,0.0,0.0,0.0,0.0,0.0
source_2,20210614_Batch_1,1053600681,E16,4,source_2,0.0,0.0,0.0,0.0,1.0,0.0,0.0,0.0,0.0,0.0,0.0
source_2,20210614_Batch_1,1053600681,E17,4,source_2,0.0,0.0,0.0,0.0,1.0,0.0,0.0,0.0,0.0,0.0,0.0
source_2,20210614_Batch_1,1053600681,E18,4,source_2,0.0,0.0,0.0,0.0,1.0,0.0,0.0,0.0,0.0,0.0,0.0
source_2,20210614_Batch_1,1053600681,E19,4,source_2,0.0,0.0,0.0,0.0,1.0,0.0,0.0,0.0,0.0,0.0,0.0
source_2,20210614_Batch_1,1053600681,E20,4,source_2,0.0,0.0,0.0,0.0,1.0,0.0,0.0,0.0,0.0,0.0,0.0
source_2,20210614_Batch_1,1053600681,E21,4,source_2,0.0,0.0,0.0,0.0,1.0,0.0,0.0,0.0,0.0,0.0,0.0
source_2,20210614_Batch_1,1053600681,E22,4,source_2,0.0,0.0,0.0,0.0,1.0,0.0,0.0,0.0,0.0,0.0,0.0
source_2,20210614_Batch_1,1053600681,E23,4,source_2,0.0,0.0,0.0,0.0,1.0,0.0,0.0,0.0,0.0,0.0,0.0
source_2,20210614_Batch_1,1053600681,E24,4,source_2,0.0,0.0,0.0,0.0,1.0,0.0,0.0,0.0,0.0,0.0,0.0
source_2,20210614_Batch_1,1053600681,F01,4,source_2,0.0,0.0,0.0,0.0,0.99999,0.0,0.0,0.0,0.0,0.0,0.0
source_2,20210614_Batch_1,1053600681,F02,4,source_2,0.0,0.0,0.0,0.0,1.0,0.0,0.0,0.0,0.0,0.0,0.0
source_2,20210614_Batch_1,1053600681,F03,4,source_2,0.0,0.0,0.0,0.0,1.0,0.0,0.0,0.0,0.0,0.0,0.0
source_2,20210614_Batch_1,1053600681,F04,4,source_2,0.0,0.0,0.0,0.0,1.0,0.0,0.0,0.0,0.0,0.0,0.0
source_2,20210614_Batch_1,1053600681,F05,4,source_2,0.0,0.0,0.0,0.0,1.0,0.0,0.0,0.0,0.0,0.0,0.0
source_2,20210614_Batch_1,1053600681,F06,4,source_2,0.0,0.0,0.0,0.0,1.0,0.0,0.0,0.0,0.0,0.0,0.0
source_2,20210614_Batch_1,1053600681,F07,4,source_2,0.0,0.0,0.0,0.0,1.0,0.0,0.0,0.0,0.0,0.0,0.0
source_2,20210614_Batch_1,1053600681,F08,4,source_2,0.0,0.0,0.0,0.0,1.0,0.0,0.0,0.0,0.0,0.0,0.0
source_2,20210614_Batch_1,1053600681,F09,4,source_2,0.0,0.0,0.0,0.0,1.0,0.0,0.0,0.0,0.0,0.0,0.0
source_2,20210614_Batch_1,1053600681,F10,4,source_2,0.0,0.0,0.0,0.0,1.0,0.0,0.0,0.0,0.0,0.0,0.0
source_2,20210614_Batch_1,1053600681,F11,4,source_2,0.0,0.0,0.0,0.0,1.0,0.0,0.0,0.0,0.0,0.0,0.0
source_2,20210614_Batch_1,1053600681,F12,4,source_2,0.0,0.0,0.0,0.0,1.0,0.0,0.0,0.0,0.0,0.0,0.0
source_2,20210614_Batch_1,1053600681,F13,4,source_2,0.0,0.0,0.0,0.0,1.0,0.0,0.0,0.0,0.0,0.0,0.0
source_2,20210614_Batch_1,1053600681,F14,4,source_2,0.0,0.0,0.0,0.0,1.0,0.0,0.0,0.0,0.0,0.0,0.0
source_2,20210614_Batch_1,1053600681,F15,4,source_2,0.0,0.0,0.0,0.0,1.0,0.0,0.0,0.0,0.0,0.0,0.0
source_2,20210614_Batch_1,1053600681,F16,4,source_2,0.0,0.0,0.0,0.0,1.0,0.0,0.0,0.0,0.0,0.0,0.0
source_2,20210614_Batch_1,1053600681,F17,4,source_2,0.0,0.0,0.0,0.0,1.0,0.0,0.0,0.0,0.0,0.0,0.0
source_2,20210614_Batch_1,1053600681,F18,4,source_2,0.0,0.0,0.0,0.0,1.0,0.0,0.0,0.0,0.0,0.0,0.0
source_2,20210614_Batch_1,1053600681,F19,4,source_2,0.0,0.0,0.0,0.0,1.0,0.0,0.0,0.0,0.0,0.0,0.0
source_2,20210614_Batch_1,1053600681,F20,4,source_2,0.0,0.0,0.0,0.0,1.0,0.0,0.0,0.0,0.0,0.0,0.0
source_2,20210614_Batch_1,1053600681,F21,4,source_2,0.0,0.0,0.0,0.0,1.0,0.0,0.0,0.0,0.0,0.0,0.0
source_2,20210614_Batch_1,1053600681,F22,4,source_2,0.0,0.0,0.0,0.0,1.0,0.0,0.0,0.0,0.0,0.0,0.0
source_2,20210614_Batch_1,1053600681,F23,4,source_2,0.0,0.0,0.0,0.0,1.0,0.0,0.0,0.0,0.0,0.0,0.0
source_2,20210614_Batch_1,1053600681,F24,4,source_2,0.0,0.0,0.0,0.0,1.0,0.0,0.0,0.0,0.0,0.0,0.0
source_2,20210614_Batch_1,1053600681,G01,4,source_2,0.0,0.0,0.0,0.0,1.0,0.0,0.0,0.0,0.0,0.0,0.0
source_2,20210614_Batch_1,1053600681,G02,4,source_2,0.0,0.0,0.0,0.0,1.0,0.0,0.0,0.0,0.0,0.0,0.0
source_2,20210614_Batch_1,1053600681,G03,4,source_2,0.0,0.0,0.0,0.0,1.0,0.0,0.0,0.0,0.0,0.0,0.0
source_2,20210614_Batch_1,1053600681,G04,4,source_2,0.0,0.0,0.0,0.0,1.0,0.0,0.0,0.0,0.0,0.0,0.0
source_2,20210614_Batch_1,1053600681,G05,4,source_2,0.0,0.0,0.0,0.0,1.0,0.0,0.0,0.0,0.0,0.0,0.0
source_2,20210614_Batch_1,1053600681,G06,4,source_2,0.0,0.0,0.0,0.0,1.0,0.0,0.0,0.0,0.0,0.0,0.0
source_2,20210614_Batch_1,1053600681,G07,4,source_2,0.0,0.0,0.0,0.0,1.0,0.0,0.0,0.0,0.0,0.0,0.0
source_2,20210614_Batch_1,1053600681,G08,4,source_2,0.0,0.0,0.0,0.0,1.0,0.0,0.0,0.0,0.0,0.0,0.0
source_2,20210614_Batch_1,1053600681,G09,4,source_2,0.0,0.0,0.0,0.0,1.0,0.0,0.0,0.0,0.0,0.0,0.0
source_2,20210614_Batch_1,1053600681,G10,4,source_2,0.0,0.0,0.0,0.0,1.0,0.0,0.0,0.0,0.0,0.0,0.0
source_2,20210614_Batch_1,1053600681,G11,4,source_2,0.0,0.0,0.0,0.0,1.0,0.0,0.0,0.0,0.0,0.0,0.0
source_2,20210614_Batch_1,1053600681,G12,4,source_2,0.0,0.0,0.0,0.0,1.0,0.0,0.0,0.0,0.0,0.0,0.0
source_2,20210614_Batch_1,1053600681,G13,4,source_2,0.0,0.0,0.0,0.0,1.0,0.0,0.0,0.0,0.0,0.0,0.0
source_2,20210614_Batch_1,1053600681,G14,4,source_2,0.0,0.0,0.0,0.0,1.0,0.0,0.0,0.0,0.0,0.0,0.0
source_2,20210614_Batch_1,1053600681,G15,4,source_2,0.0,0.0,0.0,0.0,1.0,0.0,0.0,0.0,0.0,0.0,0.0
source_2,20210614_Batch_1,1053600681,G16,4,source_2,0.0,0.0,0.0,0.0,1.0,0.0,0.0,0.0,0.0,0.0,0.0
source_2,20210614_Batch_1,1053600681,G17,4,source_2,0.0,0.0,0.0,0.0,1.0,0.0,0.0,0.0,0.0,0.0,0.0
source_2,20210614_Batch_1,1053600681,G18,4,source_2,0.0,0.0,0.0,0.0,1.0,0.0,0.0,0.0,0.0,0.0,0.0
source_2,20210614_Batch_1,1053600681,G19,4,source_2,0.0,0.0,0.0,0.0,1.0,0.0,0.0,0.0,0.0,0.0,0.0
source_2,20210614_Batch_1,1053600681,G20,4,source_2,0.0,0.0,0.0,0.0,1.0,0.0,0.0,0.0,0.0,0.0,0.0
source_2,20210614_Batch_1,1053600681,G21,4,source_2,0.0,0.0,0.0,0.0,1.0,0.0,0.0,0.0,0.0,0.0,0.0
source_2,20210614_Batch_1,1053600681,G22,4,source_2,0.0,0.0,0.0,0.0,1.0,0.0,0.0,0.0,0.0,0.0,0.0
source_2,20210614_Batch_1,1053600681,G23,4,source_2,0.0,0.0,0.0,0.0,1.0,0.0,0.0,0.0,0.0,0.0,0.0
source_2,20210614_Batch_1,1053600681,G24,4,source_2,0.0,0.0,0.0,0.0,1.0,0.0,0.0,0.0,0.0,0.0,0.0
source_2,20210614_Batch_1,1053600681,H01,4,source_2,0.0,0.0,0.0,0.0,1.0,0.0,0.0,0.0,0.0,0.0,0.0
source_2,20210614_Batch_1,1053600681,H02,4,source_2,0.0,0.0,0.0,0.0,1.0,0.0,0.0,0.0,0.0,0.0,0.0
source_2,20210614_Batch_1,1053600681,H03,4,source_2,0.0,0.0,0.0,0.0,1.0,0.0,0.0,0.0,0.0,0.0,0.0
source_2,20210614_Batch_1,1053600681,H04,4,source_2,0.0,0.0,0.0,0.0,1.0,0.0,0.0,0.0,0.0,0.0,0.0
source_2,20210614_Batch_1,1053600681,H05,4,source_2,0.0,0.0,0.0,0.0,1.0,0.0,0.0,0.0,0.0,0.0,0.0
source_2,20210614_Batch_1,1053600681,H06,4,source_2,0.0,0.0,0.0,0.0,1.0,0.0,0.0,0.0,0.0,0.0,0.0
source_2,20210614_Batch_1,1053600681,H07,4,source_2,0.0,0.0,0.0,0.0,1.0,0.0,0.0,0.0,0.0,0.0,0.0
source_2,20210614_Batch_1,1053600681,H08,4,source_2,0.0,0.0,0.0,0.0,1.0,0.0,0.0,0.0,0.0,0.0,0.0
source_2,20210614_Batch_1,1053600681,H09,4,source_2,0.0,0.0,0.0,0.0,1.0,0.0,0.0,0.0,0.0,0.0,0.0
source_2,20210614_Batch_1,1053600681,H10,4,source_2,0.0,0.0,0.0,0.0,1.0,0.0,0.0,0.0,0.0,0.0,0.0
source_2,20210614_Batch_1,1053600681,H11,4,source_2,0.0,0.0,0.0,0.0,1.0,0.0,0.0,0.0,0.0,0.0,0.0
source_2,20210614_Batch_1,1053600681,H12,4,source_2,0.0,0.0,0.0,0.0,1.0,0.0,0.0,0.0,0.0,0.0,0.0
source_2,20210614_Batch_1,1053600681,H13,4,source_2,0.0,0.0,0.0,0.0,1.0,0.0,0.0,0.0,0.0,0.0,0.0
source_2,20210614_Batch_1,1053600681,H14,4,source_2,0.0,0.0,0.0,0.0,1.0,0.0,0.0,0.0,0.0,0.0,0.0
source_2,20210614_Batch_1,1053600681,H15,4,source_2,0.0,0.0,0.0,0.0,1.0,0.0,0.0,0.0,0.0,0.0,0.0
source_2,20210614_Batch_1,1053600681,H16,4,source_2,0.0,0.0,0.0,0.0,1.0,0.0,0.0,0.0,0.0,0.0,0.0
source_2,20210614_Batch_1,1053600681,H17,4,source_2,0.0,0.0,0.0,0.0,1.0,0.0,0.0,0.0,0.0,0.0,0.0
source_2,20210614_Batch_1,1053600681,H18,4,source_2,0.0,0.0,0.0,0.0,1.0,0.0,0.0,0.0,0.0,0.0,0.0
source_2,20210614_Batch_1,1053600681,H19,4,source_2,0.0,0.0,0.0,0.0,1.0,0.0,0.0,0.0,0.0,0.0,0.0
source_2,20210614_Batch_1,1053600681,H20,4,source_2,0.0,0.0,0.0,0.0,1.0,0.0,0.0,0.0,0.0,0.0,0.0
source_2,20210614_Batch_1,1053600681,H21,4,source_2,0.0,0.0,0.0,0.0,1.0,0.0,0.0,0.0,0.0,0.0,0.0
source_2,20210614_Batch_1,1053600681,H22,4,source_2,0.0,0.0,0.0,0.0,1.0,0.0,0.0,0.0,0.0,0.0,0.0
source_2,20210614_Batch_1,1053600681,H23,4,source_2,0.0,0.0,0.0,0.0,1.0,0.0,0.0,0.0,0.0,0.0,0.0
source_2,20210614_Batch_1,1053600681,H24,4,source_2,0.0,0.0,0.0,0.0,1.0,0.0,0.0,0.0,0.0,0.0,0.0
source_2,20210614_Batch_1,1053600681,I01,4,source_2,0.0,0.0,0.0,0.0,1.0,0.0,0.0,0.0,0.0,0.0,0.0
source_2,20210614_Batch_1,1053600681,I02,4,source_2,0.0,0.0,0.0,0.0,1.0,0.0,0.0,0.0,0.0,0.0,0.0
source_2,20210614_Batch_1,1053600681,I03,4,source_2,0.0,0.0,0.0,0.0,1.0,0.0,0.0,0.0,0.0,0.0,0.0
source_2,20210614_Batch_1,1053600681,I04,4,source_2,0.0,0.0,0.0,0.0,1.0,0.0,0.0,0.0,0.0,0.0,0.0
source_2,20210614_Batch_1,1053600681,I05,4,source_2,0.0,0.0,0.0,0.0,1.0,0.0,0.0,0.0,0.0,0.0,0.0
source_2,20210614_Batch_1,1053600681,I06,4,source_2,0.0,0.0,0.0,0.0,1.0,0.0,0.0,0.0,0.0,0.0,0.0
source_2,20210614_Batch_1,1053600681,I07,4,source_2,0.0,0.0,0.0,0.0,1.0,0.0,0.0,0.0,0.0,0.0,0.0
source_2,20210614_Batch_1,1053600681,I08,4,source_2,0.0,0.0,0.0,0.0,1.0,0.0,0.0,0.0,0.0,0.0,0.0
source_2,20210614_Batch_1,1053600681,I09,4,source_2,0.0,0.0,0.0,0.0,1.0,0.0,0.0,0.0,0.0,0.0,0.0
source_2,20210614_Batch_1,1053600681,I10,4,source_2,0.0,0.0,0.0,0.0,1.0,0.0,0.0,0.0,0.0,0.0,0.0
source_2,20210614_Batch_1,1053600681,I11,4,source_2,0.0,0.0,0.0,0.0,1.0,0.0,0.0,0.0,0.0,0.0,0.0
source_2,20210614_Batch_1,1053600681,I12,4,source_2,0.0,0.0,0.0,0.0,1.0,0.0,0.0,0.0,0.0,0.0,0.0
source_2,20210614_Batch_1,1053600681,I13,4,source_2,0.0,0.0,0.0,0.0,1.0,0.0,0.0,0.0,0.0,0.0,0.0
source_2,20210614_Batch_1,1053600681,I14,4,source_2,0.0,0.0,0.0,0.0,1.0,0.0,0.0,0.0,0.0,0.0,0.0
source_2,20210614_Batch_1,1053600681,I15,4,source_2,0.0,0.0,0.0,0.0,1.0,0.0,0.0,0.0,0.0,0.0,0.0
source_2,20210614_Batch_1,1053600681,I16,4,source_2,0.0,0.0,0.0,0.0,1.0,0.0,0.0,0.0,0.0,0.0,0.0
source_2,20210614_Batch_1,1053600681,I17,4,source_2,0.0,0.0,0.0,0.0,1.0,0.0,0.0,0.0,0.0,0.0,0.0
source_2,20210614_Batch_1,1053600681,I18,4,source_2,0.0,0.0,0.0,0.0,1.0,0.0,0.0,0.0,0.0,0.0,0.0
source_2,20210614_Batch_1,1053600681,I19,4,source_2,0.0,0.0,0.0,0.0,1.0,0.0,0.0,0.0,0.0,0.0,0.0
source_2,20210614_Batch_1,1053600681,I20,4,source_2,0.0,0.0,0.0,0.0,1.0,0.0,0.0,0.0,0.0,0.0,0.0
source_2,20210614_Batch_1,1053600681,I21,4,source_2,0.0,0.0,0.0,0.0,1.0,0.0,0.0,0.0,0.0,0.0,0.0
source_2,20210614_Batch_1,1053600681,I22,4,source_2,0.0,0.0,0.0,0.0,1.0,0.0,0.0,0.0,0.0,0.0,0.0
source_2,20210614_Batch_1,1053600681,I23,4,source_2,0.0,0.0,0.0,0.0,1.0,0.0,0.0,0.0,0.0,0.0,0.0
source_2,20210614_Batch_1,1053600681,I24,4,source_2,0.0,0.0,0.0,0.0,1.0,0.0,0.0,0.0,0.0,0.0,0.0
source_2,20210614_Batch_1,1053600681,J01,4,source_2,0.0,0.0,0.0,0.0,1.0,0.0,0.0,0.0,0.0,0.0,0.0
source_2,20210614_Batch_1,1053600681,J02,4,source_2,0.0,0.0,0.0,0.0,1.0,0.0,0.0,0.0,0.0,0.0,0.0
source_2,20210614_Batch_1,1053600681,J03,4,source_2,0.0,0.0,0.0,0.0,1.0,0.0,0.0,0.0,0.0,0.0,0.0
source_2,20210614_Batch_1,1053600681,J04,4,source_2,0.0,0.0,0.0,0.0,1.0,0.0,0.0,0.0,0.0,0.0,0.0
source_2,20210614_Batch_1,1053600681,J05,4,source_2,0.0,0.0,0.0,0.0,1.0,0.0,0.0,0.0,0.0,0.0,0.0
source_2,20210614_Batch_1,1053600681,J06,4,source_2,0.0,0.0,0.0,0.0,1.0,0.0,0.0,0.0,0.0,0.0,0.0
source_2,20210614_Batch_1,1053600681,J07,4,source_2,0.0,0.0,0.0,0.0,1.0,0.0,0.0,0.0,0.0,0.0,0.0
source_2,20210614_Batch_1,1053600681,J08,4,source_2,0.0,0.0,0.0,0.0,1.0,0.0,0.0,0.0,0.0,0.0,0.0
source_2,20210614_Batch_1,1053600681,J09,4,source_2,0.0,0.0,0.0,0.0,1.0,0.0,0.0,0.0,0.0,0.0,0.0
source_2,20210614_Batch_1,1053600681,J10,4,source_2,0.0,0.0,0.0,0.0,1.0,0.0,0.0,0.0,0.0,0.0,0.0
source_2,20210614_Batch_1,1053600681,J11,4,source_2,0.0,0.0,0.0,0.0,1.0,0.0,0.0,0.0,0.0,0.0,0.0
source_2,20210614_Batch_1,1053600681,J12,4,source_2,0.0,0.0,0.0,0.0,1.0,0.0,0.0,0.0,0.0,0.0,0.0
source_2,20210614_Batch_1,1053600681,J13,4,source_2,0.0,0.0,0.0,0.0,1.0,0.0,0.0,0.0,0.0,0.0,0.0
source_2,20210614_Batch_1,1053600681,J14,4,source_2,0.0,0.0,0.0,0.0,1.0,0.0,0.0,0.0,0.0,0.0,0.0
source_2,20210614_Batch_1,1053600681,J15,4,source_2,0.0,0.0,0.0,0.0,1.0,0.0,0.0,0.0,0.0,0.0,0.0
source_2,20210614_Batch_1,1053600681,J16,4,source_2,0.0,0.0,0.0,0.0,1.0,0.0,0.0,0.0,0.0,0.0,0.0
source_2,20210614_Batch_1,1053600681,J17,4,source_2,0.0,0.0,0.0,0.0,1.0,0.0,0.0,0.0,0.0,0.0,0.0
source_2,20210614_Batch_1,1053600681,J18,4,source_2,0.0,0.0,0.0,0.0,1.0,0.0,0.0,0.0,0.0,0.0,0.0
source_2,20210614_Batch_1,1053600681,J19,4,source_2,0.0,0.0,0.0,0.0,1.0,0.0,0.0,0.0,0.0,0.0,0.0
source_2,20210614_Batch_1,1053600681,J20,4,source_2,0.0,0.0,0.0,0.0,1.0,0.0,0.0,0.0,0.0,0.0,0.0
source_2,20210614_Batch_1,1053600681,J21,4,source_2,0.0,0.0,0.0,0.0,1.0,0.0,0.0,0.0,0.0,0.0,0.0
source_2,20210614_Batch_1,1053600681,J22,4,source_2,0.0,0.0,0.0,0.0,1.0,0.0,0.0,0.0,0.0,0.0,0.0
source_2,20210614_Batch_1,1053600681,J23,4,source_2,0.0,0.0,0.0,0.0,1.0,0.0,0.0,0.0,0.0,0.0,0.0
source_2,20210614_Batch_1,1053600681,J24,4,source_2,0.0,0.0,0.0,0.0,1.0,0.0,0.0,0.0,0.0,0.0,0.0
source_2,20210614_Batch_1,1053600681,K01,4,source_2,0.0,0.0,0.0,0.0,1.0,0.0,0.0,0.0,0.0,0.0,0.0
source_2,20210614_Batch_1,1053600681,K02,4,source_2,0.0,0.0,0.0,0.0,1.0,0.0,0.0,0.0,0.0,0.0,0.0
source_2,20210614_Batch_1,1053600681,K03,4,source_2,0.0,0.0,0.0,0.0,1.0,0.0,0.0,0.0,0.0,0.0,0.0
source_2,20210614_Batch_1,1053600681,K04,4,source_2,0.0,0.0,0.0,0.0,1.0,0.0,0.0,0.0,0.0,0.0,0.0
source_2,20210614_Batch_1,1053600681,K05,4,source_2,0.0,0.0,0.0,0.0,1.0,0.0,0.0,0.0,0.0,0.0,0.0
source_2,20210614_Batch_1,1053600681,K06,4,source_2,0.0,0.0,0.0,0.0,1.0,0.0,0.0,0.0,0.0,0.0,0.0
source_2,20210614_Batch_1,1053600681,K07,4,source_2,0.0,0.0,0.0,0.0,1.0,0.0,0.0,0.0,0.0,0.0,0.0
source_2,20210614_Batch_1,1053600681,K08,4,source_2,0.0,0.0,0.0,0.0,1.0,0.0,0.0,0.0,0.0,0.0,0.0
source_2,20210614_Batch_1,1053600681,K09,4,source_2,0.0,0.0,0.0,0.0,1.0,0.0,0.0,0.0,0.0,0.0,0.0
source_2,20210614_Batch_1,1053600681,K10,4,source_2,0.0,0.0,0.0,0.0,1.0,0.0,0.0,0.0,0.0,0.0,0.0
source_2,20210614_Batch_1,1053600681,K11,4,source_2,0.0,0.0,0.0,0.0,1.0,0.0,0.0,0.0,0.0,0.0,0.0
source_2,20210614_Batch_1,1053600681,K12,4,source_2,0.0,0.0,0.0,0.0,1.0,0.0,0.0,0.0,0.0,0.0,0.0
source_2,20210614_Batch_1,1053600681,K13,4,source_2,0.0,0.0,0.0,0.0,1.0,0.0,0.0,0.0,0.0,0.0,0.0
source_2,20210614_Batch_1,1053600681,K14,4,source_2,0.0,0.0,0.0,0.0,1.0,0.0,0.0,0.0,0.0,0.0,0.0
source_2,20210614_Batch_1,1053600681,K15,4,source_2,0.0,0.0,0.0,0.0,1.0,0.0,0.0,0.0,0.0,0.0,0.0
source_2,20210614_Batch_1,1053600681,K16,4,source_2,0.0,0.0,0.0,0.0,1.0,0.0,0.0,0.0,0.0,0.0,0.0
source_2,20210614_Batch_1,1053600681,K17,4,source_2,0.0,0.0,0.0,0.0,1.0,0.0,0.0,0.0,0.0,0.0,0.0
source_2,20210614_Batch_1,1053600681,K18,4,source_2,0.0,0.0,0.0,0.0,1.0,0.0,0.0,0.0,0.0,0.0,0.0
source_2,20210614_Batch_1,1053600681,K19,4,source_2,0.0,0.0,0.0,0.0,1.0,0.0,0.0,0.0,0.0,0.0,0.0
source_2,20210614_Batch_1,1053600681,K20,4,source_2,0.0,0.0,0.0,0.0,1.0,0.0,0.0,0.0,0.0,0.0,0.0
source_2,20210614_Batch_1,1053600681,K21,4,source_2,0.0,0.0,0.0,0.0,1.0,0.0,0.0,0.0,0.0,0.0,0.0
source_2,20210614_Batch_1,1053600681,K22,4,source_2,0.0,0.0,0.0,0.0,1.0,0.0,0.0,0.0,0.0,0.0,0.0
source_2,20210614_Batch_1,1053600681,K23,4,source_2,0.0,0.0,0.0,0.0,1.0,0.0,0.0,0.0,0.0,0.0,0.0
source_2,20210614_Batch_1,1053600681,K24,4,source_2,0.0,0.0,0.0,0.0,1.0,0.0,0.0,0.0,0.0,0.0,0.0
source_2,20210614_Batch_1,1053600681,L01,4,source_2,0.0,0.0,0.0,0.0,1.0,0.0,0.0,0.0,0.0,0.0,0.0
source_2,20210614_Batch_1,1053600681,L02,4,source_2,0.0,0.0,0.0,0.0,1.0,0.0,0.0,0.0,0.0,0.0,0.0
source_2,20210614_Batch_1,1053600681,L03,4,source_2,0.0,0.0,0.0,0.0,1.0,0.0,0.0,0.0,0.0,0.0,0.0
source_2,20210614_Batch_1,1053600681,L04,4,source_2,0.0,0.0,0.0,0.0,1.0,0.0,0.0,0.0,0.0,0.0,0.0
source_2,20210614_Batch_1,1053600681,L05,4,source_2,0.0,0.0,0.0,0.0,1.0,0.0,0.0,0.0,0.0,0.0,0.0
source_2,20210614_Batch_1,1053600681,L06,4,source_2,0.0,0.0,0.0,0.0,1.0,0.0,0.0,0.0,0.0,0.0,0.0
source_2,20210614_Batch_1,1053600681,L07,4,source_2,0.0,0.0,0.0,0.0,1.0,0.0,0.0,0.0,0.0,0.0,0.0
source_2,20210614_Batch_1,1053600681,L08,4,source_2,0.0,0.0,0.0,0.0,1.0,0.0,0.0,0.0,0.0,0.0,0.0
source_2,20210614_Batch_1,1053600681,L09,4,source_2,0.0,0.0,0.0,0.0,1.0,0.0,0.0,0.0,0.0,0.0,0.0
source_2,20210614_Batch_1,1053600681,L10,4,source_2,0.0,0.0,0.0,0.0,1.0,0.0,0.0,0.0,0.0,0.0,0.0
source_2,20210614_Batch_1,1053600681,L11,4,source_2,0.0,0.0,0.0,0.0,1.0,0.0,0.0,0.0,0.0,0.0,0.0
source_2,20210614_Batch_1,1053600681,L12,4,source_2,0.0,0.0,0.0,0.0,1.0,0.0,0.0,0.0,0.0,0.0,0.0
source_2,20210614_Batch_1,1053600681,L13,4,source_2,0.0,0.0,0.0,0.0,1.0,0.0,0.0,0.0,0.0,0.0,0.0
source_2,20210614_Batch_1,1053600681,L14,4,source_2,0.0,0.0,0.0,0.0,1.0,0.0,0.0,0.0,0.0,0.0,0.0
source_2,20210614_Batch_1,1053600681,L15,4,source_2,0.0,0.0,0.0,0.0,1.0,0.0,0.0,0.0,0.0,0.0,0.0
source_2,20210614_Batch_1,1053600681,L16,4,source_2,0.0,0.0,0.0,0.0,1.0,0.0,0.0,0.0,0.0,0.0,0.0
source_2,20210614_Batch_1,1053600681,L17,4,source_2,0.0,0.0,0.0,0.0,1.0,0.0,0.0,0.0,0.0,0.0,0.0
source_2,20210614_Batch_1,1053600681,L18,4,source_2,0.0,0.0,0.0,0.0,1.0,0.0,0.0,0.0,0.0,0.0,0.0
source_2,20210614_Batch_1,1053600681,L19,4,source_2,0.0,0.0,0.0,0.0,1.0,0.0,0.0,0.0,0.0,0.0,0.0
source_2,20210614_Batch_1,1053600681,L20,4,source_2,0.0,0.0,0.0,0.0,1.0,0.0,0.0,0.0,0.0,0.0,0.0
source_2,20210614_Batch_1,1053600681,L21,4,source_2,0.0,0.0,0.0,0.0,1.0,0.0,0.0,0.0,0.0,0.0,0.0
source_2,20210614_Batch_1,1053600681,L22,4,source_2,0.0,0.0,0.0,0.0,1.0,0.0,0.0,0.0,0.0,0.0,0.0
source_2,20210614_Batch_1,1053600681,L23,4,source_2,0.0,0.0,0.0,0.0,1.0,0.0,0.0,0.0,0.0,0.0,0.0
source_2,20210614_Batch_1,1053600681,L24,4,source_2,0.0,0.0,0.0,0.0,1.0,0.0,0.0,0.0,0.0,0.0,0.0
source_2,20210614_Batch_1,1053600681,M01,4,source_2,0.0,0.0,0.0,0.0,1.0,0.0,0.0,0.0,0.0,0.0,0.0
source_2,20210614_Batch_1,1053600681,M02,4,source_2,0.0,0.0,0.0,0.0,1.0,0.0,0.0,0.0,0.0,0.0,0.0
source_2,20210614_Batch_1,1053600681,M03,4,source_2,0.0,0.0,0.0,0.0,1.0,0.0,0.0,0.0,0.0,0.0,0.0
source_2,20210614_Batch_1,1053600681,M04,4,source_2,0.0,0.0,0.0,0.0,1.0,0.0,0.0,0.0,0.0,0.0,0.0
source_2,20210614_Batch_1,1053600681,M05,4,source_2,0.0,0.0,0.0,0.0,1.0,0.0,0.0,0.0,0.0,0.0,0.0
source_2,20210614_Batch_1,1053600681,M06,4,source_2,0.0,0.0,0.0,0.0,1.0,0.0,0.0,0.0,0.0,0.0,0.0
source_2,20210614_Batch_1,1053600681,M07,4,source_2,0.0,0.0,0.0,0.0,1.0,0.0,0.0,0.0,0.0,0.0,0.0
source_2,20210614_Batch_1,1053600681,M08,4,source_2,0.0,0.0,0.0,0.0,1.0,0.0,0.0,0.0,0.0,0.0,0.0
source_2,20210614_Batch_1,1053600681,M09,4,source_2,0.0,0.0,0.0,0.0,1.0,0.0,0.0,0.0,0.0,0.0,0.0
source_2,20210614_Batch_1,1053600681,M10,4,source_2,0.0,0.0,0.0,0.0,1.0,0.0,0.0,0.0,0.0,0.0,0.0
source_2,20210614_Batch_1,1053600681,M11,4,source_2,0.0,0.0,0.0,0.0,1.0,0.0,0.0,0.0,0.0,0.0,0.0
source_2,20210614_Batch_1,1053600681,M12,4,source_2,0.0,0.0,0.0,0.0,1.0,0.0,0.0,0.0,0.0,0.0,0.0
source_2,20210614_Batch_1,1053600681,M13,4,source_2,0.0,0.0,0.0,0.0,1.0,0.0,0.0,0.0,0.0,0.0,0.0
source_2,20210614_Batch_1,1053600681,M14,4,source_2,0.0,0.0,0.0,0.0,1.0,0.0,0.0,0.0,0.0,0.0,0.0
source_2,20210614_Batch_1,1053600681,M15,4,source_2,0.0,0.0,0.0,0.0,1.0,0.0,0.0,0.0,0.0,0.0,0.0
source_2,20210614_Batch_1,1053600681,M16,4,source_2,0.0,0.0,0.0,0.0,1.0,0.0,0.0,0.0,0.0,0.0,0.0
source_2,20210614_Batch_1,1053600681,M17,4,source_2,0.0,0.0,0.0,0.0,1.0,0.0,0.0,0.0,0.0,0.0,0.0
source_2,20210614_Batch_1,1053600681,M18,4,source_2,0.0,0.0,0.0,0.0,1.0,0.0,0.0,0.0,0.0,0.0,0.0
source_2,20210614_Batch_1,1053600681,M19,4,source_2,0.0,0.0,0.0,0.0,1.0,0.0,0.0,0.0,0.0,0.0,0.0
source_2,20210614_Batch_1,1053600681,M20,4,source_2,0.0,0.0,0.0,0.0,1.0,0.0,0.0,0.0,0.0,0.0,0.0
source_2,20210614_Batch_1,1053600681,M21,4,source_2,0.0,0.0,0.0,0.0,1.0,0.0,0.0,0.0,0.0,0.0,0.0
source_2,20210614_Batch_1,1053600681,M22,4,source_2,0.0,0.0,0.0,0.0,1.0,0.0,0.0,0.0,0.0,0.0,0.0
source_2,20210614_Batch_1,1053600681,M23,4,source_2,0.0,0.0,0.0,0.0,1.0,0.0,0.0,0.0,0.0,0.0,0.0
source_2,20210614_Batch_1,1053600681,M24,4,source_2,0.0,0.0,0.0,0.0,1.0,0.0,0.0,0.0,0.0,0.0,0.0
source_2,20210614_Batch_1,1053600681,N01,4,source_2,0.0,0.0,0.0,0.0,1.0,0.0,0.0,0.0,0.0,0.0,0.0
source_2,20210614_Batch_1,1053600681,N02,4,source_2,0.0,0.0,0.0,0.0,1.0,0.0,0.0,0.0,0.0,0.0,0.0
source_2,20210614_Batch_1,1053600681,N03,4,source_2,0.0,0.0,0.0,0.0,1.0,0.0,0.0,0.0,0.0,0.0,0.0
source_2,20210614_Batch_1,1053600681,N04,4,source_2,0.0,0.0,0.0,0.0,1.0,0.0,0.0,0.0,0.0,0.0,0.0
source_2,20210614_Batch_1,1053600681,N05,4,source_2,0.0,0.0,0.0,0.0,1.0,0.0,0.0,0.0,0.0,0.0,0.0
source_2,20210614_Batch_1,1053600681,N06,4,source_2,0.0,0.0,0.0,0.0,1.0,0.0,0.0,0.0,0.0,0.0,0.0
source_2,20210614_Batch_1,1053600681,N07,4,source_2,0.0,0.0,0.0,0.0,1.0,0.0,0.0,0.0,0.0,0.0,0.0
source_2,20210614_Batch_1,1053600681,N08,4,source_2,0.0,0.0,0.0,0.0,1.0,0.0,0.0,0.0,0.0,0.0,0.0
source_2,20210614_Batch_1,1053600681,N09,4,source_2,0.0,0.0,0.0,0.0,1.0,0.0,0.0,0.0,0.0,0.0,0.0
source_2,20210614_Batch_1,1053600681,N10,4,source_2,0.0,0.0,0.0,0.0,1.0,0.0,0.0,0.0,0.0,0.0,0.0
source_2,20210614_Batch_1,1053600681,N11,4,source_2,0.0,0.0,0.0,0.0,1.0,0.0,0.0,0.0,0.0,0.0,0.0
source_2,20210614_Batch_1,1053600681,N12,4,source_2,0.0,0.0,0.0,0.0,1.0,0.0,0.0,0.0,0.0,0.0,0.0
source_2,20210614_Batch_1,1053600681,N13,4,source_2,0.0,0.0,0.0,0.0,1.0,0.0,0.0,0.0,0.0,0.0,0.0
source_2,20210614_Batch_1,1053600681,N14,4,source_2,0.0,0.0,0.0,0.0,1.0,0.0,0.0,0.0,0.0,0.0,0.0
source_2,20210614_Batch_1,1053600681,N15,4,source_2,0.0,0.0,0.0,0.0,0.99999,0.0,1e-05,0.0,0.0,0.0,0.0
source_2,20210614_Batch_1,1053600681,N16,4,source_2,0.0,0.0,0.0,0.0,1.0,0.0,0.0,0.0,0.0,0.0,0.0
source_2,20210614_Batch_1,1053600681,N17,4,source_2,0.0,0.0,0.0,0.0,1.0,0.0,0.0,0.0,0.0,0.0,0.0
source_2,20210614_Batch_1,1053600681,N18,4,source_2,0.0,0.0,0.0,0.0,1.0,0.0,0.0,0.0,0.0,0.0,0.0
source_2,20210614_Batch_1,1053600681,N19,4,source_2,0.0,0.0,0.0,0.0,1.0,0.0,0.0,0.0,0.0,0.0,0.0
source_2,20210614_Batch_1,1053600681,N20,4,source_2,0.0,0.0,0.0,0.0,1.0,0.0,0.0,0.0,0.0,0.0,0.0
source_2,20210614_Batch_1,1053600681,N21,4,source_2,0.0,0.0,0.0,0.0,1.0,0.0,0.0,0.0,0.0,0.0,0.0
source_2,20210614_Batch_1,1053600681,N22,4,source_2,0.0,0.0,0.0,0.0,1.0,0.0,0.0,0.0,0.0,0.0,0.0
source_2,20210614_Batch_1,1053600681,N23,4,source_2,0.0,0.0,0.0,0.0,1.0,0.0,0.0,0.0,0.0,0.0,0.0
source_2,20210614_Batch_1,1053600681,N24,4,source_2,0.0,0.0,0.0,0.0,1.0,0.0,0.0,0.0,0.0,0.0,0.0
source_2,20210614_Batch_1,1053600681,O01,4,source_2,0.0,0.0,0.0,0.0,1.0,0.0,0.0,0.0,0.0,0.0,0.0
source_2,20210614_Batch_1,1053600681,O02,4,source_2,0.0,0.0,0.0,0.0,1.0,0.0,0.0,0.0,0.0,0.0,0.0
source_2,20210614_Batch_1,1053600681,O03,4,source_2,0.0,0.0,0.0,0.0,1.0,0.0,0.0,0.0,0.0,0.0,0.0
source_2,20210614_Batch_1,1053600681,O04,4,source_2,0.0,0.0,0.0,0.0,1.0,0.0,0.0,0.0,0.0,0.0,0.0
source_2,20210614_Batch_1,1053600681,O05,4,source_2,0.0,0.0,0.0,0.0,1.0,0.0,0.0,0.0,0.0,0.0,0.0
source_2,20210614_Batch_1,1053600681,O06,4,source_2,0.0,0.0,0.0,0.0,1.0,0.0,0.0,0.0,0.0,0.0,0.0
source_2,20210614_Batch_1,1053600681,O07,4,source_2,0.0,0.0,0.0,0.0,1.0,0.0,0.0,0.0,0.0,0.0,0.0
source_2,20210614_Batch_1,1053600681,O08,4,source_2,0.0,0.0,0.0,0.0,1.0,0.0,0.0,0.0,0.0,0.0,0.0
source_2,20210614_Batch_1,1053600681,O09,4,source_2,0.0,0.0,0.0,0.0,1.0,0.0,0.0,0.0,0.0,0.0,0.0
source_2,20210614_Batch_1,1053600681,O10,4,source_2,0.0,0.0,0.0,0.0,1.0,0.0,0.0,0.0,0.0,0.0,0.0
source_2,20210614_Batch_1,1053600681,O11,4,source_2,0.0,0.0,0.0,0.0,1.0,0.0,0.0,0.0,0.0,0.0,0.0
source_2,20210614_Batch_1,1053600681,O12,4,source_2,0.0,0.0,0.0,0.0,1.0,0.0,0.0,0.0,0.0,0.0,0.0
source_2,20210614_Batch_1,1053600681,O13,4,source_2,0.0,0.0,0.0,0.0,1.0,0.0,0.0,0.0,0.0,0.0,0.0
source_2,20210614_Batch_1,1053600681,O14,4,source_2,0.0,0.0,0.0,0.0,1.0,0.0,0.0,0.0,0.0,0.0,0.0
source_2,20210614_Batch_1,1053600681,O15,4,source_2,0.0,0.0,0.0,0.0,1.0,0.0,0.0,0.0,0.0,0.0,0.0
source_2,20210614_Batch_1,1053600681,O16,4,source_2,0.0,0.0,0.0,0.0,1.0,0.0,0.0,0.0,0.0,0.0,0.0
source_2,20210614_Batch_1,1053600681,O17,4,source_2,0.0,0.0,0.0,0.0,1.0,0.0,0.0,0.0,0.0,0.0,0.0
source_2,20210614_Batch_1,1053600681,O18,4,source_2,0.0,0.0,0.0,0.0,1.0,0.0,0.0,0.0,0.0,0.0,0.0
source_2,20210614_Batch_1,1053600681,O19,4,source_2,0.0,0.0,0.0,0.0,1.0,0.0,0.0,0.0,0.0,0.0,0.0
source_2,20210614_Batch_1,1053600681,O20,4,source_2,0.0,0.0,0.0,0.0,1.0,0.0,0.0,0.0,0.0,0.0,0.0
source_2,20210614_Batch_1,1053600681,O21,4,source_2,0.0,0.0,0.0,0.0,1.0,0.0,0.0,0.0,0.0,0.0,0.0
source_2,20210614_Batch_1,1053600681,O22,4,source_2,0.0,0.0,0.0,0.0,1.0,0.0,0.0,0.0,0.0,0.0,0.0
source_2,20210614_Batch_1,1053600681,O23,4,source_2,0.0,0.0,0.0,0.0,1.0,0.0,0.0,0.0,0.0,0.0,0.0
source_2,20210614_Batch_1,1053600681,O24,4,source_2,0.0,0.0,0.0,0.0,1.0,0.0,0.0,0.0,0.0,0.0,0.0
source_2,20210614_Batch_1,1053600681,P01,4,source_2,0.0,0.0,0.0,0.0,1.0,0.0,0.0,0.0,0.0,0.0,0.0
source_2,20210614_Batch_1,1053600681,P02,4,source_2,0.0,0.0,0.0,0.0,1.0,0.0,0.0,0.0,0.0,0.0,0.0
source_2,20210614_Batch_1,1053600681,P03,4,source_2,0.0,0.0,0.0,0.0,1.0,0.0,0.0,0.0,0.0,0.0,0.0
source_2,20210614_Batch_1,1053600681,P04,4,source_2,0.0,0.0,0.0,0.0,1.0,0.0,0.0,0.0,0.0,0.0,0.0
source_2,20210614_Batch_1,1053600681,P05,4,source_2,0.0,0.0,0.0,0.0,1.0,0.0,0.0,0.0,0.0,0.0,0.0
source_2,20210614_Batch_1,1053600681,P06,4,source_2,0.0,0.0,0.0,0.0,1.0,0.0,0.0,0.0,0.0,0.0,0.0
source_2,20210614_Batch_1,1053600681,P07,4,source_2,0.0,0.0,0.0,0.0,1.0,0.0,0.0,0.0,0.0,0.0,0.0
source_2,20210614_Batch_1,1053600681,P08,4,source_2,0.0,0.0,0.0,0.0,1.0,0.0,0.0,0.0,0.0,0.0,0.0
source_2,20210614_Batch_1,1053600681,P09,4,source_2,0.0,0.0,0.0,0.0,1.0,0.0,0.0,0.0,0.0,0.0,0.0
source_2,20210614_Batch_1,1053600681,P10,4,source_2,0.0,0.0,0.0,0.0,1.0,0.0,0.0,0.0,0.0,0.0,0.0
source_2,20210614_Batch_1,1053600681,P11,4,source_2,0.0,0.0,0.0,0.0,1.0,0.0,0.0,0.0,0.0,0.0,0.0
source_2,20210614_Batch_1,1053600681,P12,4,source_2,0.0,0.0,0.0,0.0,1.0,0.0,0.0,0.0,0.0,0.0,0.0
source_2,20210614_Batch_1,1053600681,P13,4,source_2,0.0,0.0,0.0,0.0,1.0,0.0,0.0,0.0,0.0,0.0,0.0
source_2,20210614_Batch_1,1053600681,P14,4,source_2,0.0,0.0,0.0,0.0,1.0,0.0,0.0,0.0,0.0,0.0,0.0
source_2,20210614_Batch_1,1053600681,P15,4,source_2,0.0,0.0,0.0,0.0,1.0,0.0,0.0,0.0,0.0,0.0,0.0
source_2,20210614_Batch_1,1053600681,P16,4,source_2,0.0,0.0,0.0,0.0,1.0,0.0,0.0,0.0,0.0,0.0,0.0
source_2,20210614_Batch_1,1053600681,P17,4,source_2,0.0,0.0,0.0,0.0,1.0,0.0,0.0,0.0,0.0,0.0,0.0
source_2,20210614_Batch_1,1053600681,P18,4,source_2,0.0,0.0,0.0,0.0,1.0,0.0,0.0,0.0,0.0,0.0,0.0
source_2,20210614_Batch_1,1053600681,P19,4,source_2,0.0,0.0,0.0,0.0,1.0,0.0,0.0,0.0,0.0,0.0,0.0
source_2,20210614_Batch_1,1053600681,P20,4,source_2,0.0,0.0,0.0,0.0,1.0,0.0,0.0,0.0,0.0,0.0,0.0
source_2,20210614_Batch_1,1053600681,P21,4,source_2,0.0,0.0,0.0,0.0,1.0,0.0,0.0,0.0,0.0,0.0,0.0
source_2,20210614_Batch_1,1053600681,P22,4,source_2,0.0,0.0,0.0,0.0,1.0,0.0,0.0,0.0,0.0,0.0,0.0
source_2,20210614_Batch_1,1053600681,P23,4,source_2,0.0,0.0,0.0,0.0,1.0,0.0,0.0,0.0,0.0,0.0,0.0
source_2,20210614_Batch_1,1053600681,P24,4,source_2,0.0,0.0,0.0,0.0,0.99998,0.0,2e-05,0.0,0.0,0.0,0.0
