plate,lab,batch,distance_to_own_lab,nearest_other_lab,distance_to_nearest_other,cells_per_well,cell_count_percentile_in_lab,share_of_wells_named_own_lab
1086290477,source_2,20210830_Batch_11,12.69,source_8,10.39,167.8,21.0,1.0
1086290521,source_2,20210830_Batch_11,12.45,source_1,10.07,162.3,12.0,1.0
1086290484,source_2,20210830_Batch_11,11.92,source_1,9.52,167.1,21.0,1.0
1086290644,source_2,20210830_Batch_11,11.86,source_8,9.55,156.0,9.0,1.0
1086290668,source_2,20210830_Batch_11,11.8,source_1,9.45,172.0,28.0,1.0
P24P27dW,source_3,CP_34_mix_Phenix1,10.22,source_11,10.14,109.4,0.0,0.727
EC000020,source_11,Batch1,9.98,source_15,8.62,151.2,16.0,0.0
1086290347,source_2,20210920_Batch_12,7.14,source_1,4.31,175.6,35.0,1.0
1086290323,source_2,20210920_Batch_12,6.89,source_1,4.29,167.7,21.0,1.0
1086290330,source_2,20210920_Batch_12,6.83,source_1,4.56,175.1,33.0,1.0
1086290354,source_2,20210920_Batch_12,6.76,source_1,4.12,186.3,65.0,1.0
1086290361,source_2,20210920_Batch_12,6.62,source_1,4.38,184.3,56.0,1.0
1086290453,source_2,20210920_Batch_12,6.57,source_1,4.68,178.7,42.0,1.0
1086289648,source_2,20211003_Batch_13,6.43,source_1,4.5,182.7,48.0,1.0
1086289792,source_2,20211003_Batch_13,6.22,source_8,4.4,184.1,54.0,1.0
1086289747,source_2,20211003_Batch_13,6.22,source_8,4.33,178.7,42.0,1.0
1086289778,source_2,20211003_Batch_13,6.19,source_8,4.38,187.3,67.0,1.0
1086289754,source_2,20211003_Batch_13,6.14,source_8,4.28,185.5,62.0,1.0
1086289785,source_2,20211003_Batch_13,6.08,source_8,4.28,184.1,53.0,1.0
1086289730,source_2,20211003_Batch_13,6.0,source_8,4.16,182.8,49.0,1.0
1086289662,source_2,20211003_Batch_13,5.94,source_8,4.03,175.9,37.0,1.0
1086289693,source_2,20211003_Batch_13,5.92,source_8,4.0,183.5,50.0,1.0
1086289761,source_2,20211003_Batch_13,5.91,source_8,4.13,176.8,40.0,1.0
1086289655,source_2,20211003_Batch_13,5.9,source_8,4.17,179.0,43.0,1.0
1086289679,source_2,20211003_Batch_13,5.89,source_8,4.04,176.2,37.0,1.0
1086289709,source_2,20211003_Batch_13,5.75,source_8,3.92,181.3,46.0,1.0
1086289716,source_2,20211003_Batch_13,5.62,source_8,3.81,185.0,60.0,1.0
BAY5874b,source_3,CP_36_all_Phenix1,4.39,source_11,3.7,138.1,13.0,1.0
BAY5875c,source_3,CP_36_all_Phenix1,4.38,source_11,3.69,147.4,29.0,1.0
BAY5874a,source_3,CP_36_all_Phenix1,4.31,source_11,3.68,138.5,15.0,1.0
BAY5874c,source_3,CP_36_all_Phenix1,4.29,source_11,3.59,150.2,36.0,1.0
BAY5875d,source_3,CP_36_all_Phenix1,3.91,source_11,3.33,166.3,66.0,1.0
BAY5875b,source_3,CP_36_all_Phenix1,3.74,source_11,3.22,145.9,26.0,1.0
BAY5874d,source_3,CP_36_all_Phenix1,3.72,source_11,3.17,164.6,64.0,1.0
BAY5876c,source_3,CP_36_all_Phenix1,3.66,source_11,3.19,139.2,16.0,1.0
BAY5876b,source_3,CP_36_all_Phenix1,3.57,source_11,3.11,136.5,11.0,1.0
BAY5876d,source_3,CP_36_all_Phenix1,3.38,source_11,2.96,164.7,64.0,1.0
BAY5875a,source_3,CP_36_all_Phenix1,3.2,source_11,2.85,153.7,43.0,1.0
BAY5876a,source_3,CP_36_all_Phenix1,3.14,source_11,2.82,137.1,11.0,1.0
BAY5872c,source_3,CP_36_all_Phenix1,3.1,source_11,2.81,149.1,33.0,1.0
BAY5872b,source_3,CP_36_all_Phenix1,3.08,source_11,2.83,139.7,18.0,1.0
BAY5872d,source_3,CP_36_all_Phenix1,3.03,source_11,2.7,166.7,68.0,1.0
BAY5872a,source_3,CP_36_all_Phenix1,2.97,source_11,2.74,138.0,12.0,1.0
BAY5873a,source_3,CP_36_all_Phenix1,2.68,source_11,2.62,149.8,35.0,1.0
